,Nome do arquivo,Número de sequências,Soma das arestas,Tempo de execução(seg)
0,sequences_argentina.fasta,34,20010.0,18.492384672164917
1,sequences_brazil.fasta,132,22400.0,253.01031732559204
2,sequences_chile.fasta,378,26472.0,1935.816344499588
3,sequences_colombia.fasta,2,64.0,0.0234830379486084
4,sequences_equador.fasta,4,53.0,0.1400308609008789
5,sequences_peru.fasta,142,25002.0,242.97019457817078
6,sequences_uruguai.fasta,32,21380.0,13.43971562385559
7,sequences_venezuela.fasta,24,19517.0,7.7979371547698975
